event_date,dimension,dimension_value,views,likes,messages_received,messages_sent,users_received,users_sent
03/02/23,gender,female,270875,270875,5660,5938,4772,4799
03/02/23,gender,male,330068,330068,7239,6961,5701,5674
03/02/23,os,Android,389040,389040,7992,8346,6558,6751
03/02/23,os,iOS,211903,211903,4907,4553,3915,3722
03/02/23,age,14.0,7464,7464,47,190,45,83
03/02/23,age,15.0,20638,20638,393,417,258,328
03/02/23,age,16.0,22369,22369,495,520,392,477
03/02/23,age,17.0,27736,27736,465,650,427,608
03/02/23,age,18.0,34279,34279,1350,764,851,734
03/02/23,age,19.0,37497,37497,837,779,717,759
03/02/23,age,20.0,39039,39039,1265,754,855,725
03/02/23,age,21.0,35733,35733,1343,868,1094,850
03/02/23,age,22.0,34212,34212,976,766,801,747
03/02/23,age,23.0,29596,29596,668,589,635,569
03/02/23,age,24.0,26222,26222,530,473,518,467
03/02/23,age,25.0,21508,21508,630,506,572,492
03/02/23,age,26.0,18515,18515,360,400,351,389
03/02/23,age,27.0,17112,17112,406,412,393,393
03/02/23,age,28.0,15481,15481,521,387,456,375
03/02/23,age,29.0,14345,14345,372,343,359,332
03/02/23,age,30.0,14917,14917,396,322,323,308
03/02/23,age,31.0,14110,14110,284,329,249,313
03/02/23,age,32.0,12765,12765,257,284,239,227
03/02/23,age,33.0,12687,12687,174,142,125,80
03/02/23,age,34.0,12026,12026,146,210,127,98
03/02/23,age,35.0,11920,11920,156,278,141,112
03/02/23,age,36.0,11405,11405,132,304,114,116
03/02/23,age,37.0,9488,9488,249,204,143,79
03/02/23,age,38.0,9683,9683,50,198,40,71
03/02/23,age,39.0,8782,8782,97,165,63,77
03/02/23,age,40.0,7905,7905,33,207,28,71
03/02/23,age,41.0,7216,7216,19,156,18,58
03/02/23,age,42.0,7138,7138,15,121,14,44
03/02/23,age,43.0,7274,7274,3,158,3,61
03/02/23,age,44.0,6492,6492,7,93,3,42
03/02/23,age,45.0,5529,5529,11,137,7,51
03/02/23,age,46.0,5364,5364,13,103,13,60
03/02/23,age,47.0,4294,4294,2,94,2,44
03/02/23,age,48.0,3437,3437,0,74,0,24
03/02/23,age,49.0,3766,3766,2,36,2,16
03/02/23,age,50.0,3560,3560,0,77,0,31
03/02/23,age,51.0,3110,3110,2,51,2,25
03/02/23,age,52.0,2689,2689,0,28,0,12
03/02/23,age,53.0,1995,1995,2,42,2,24
03/02/23,age,54.0,2055,2055,0,40,0,13
03/02/23,age,55.0,1360,1360,0,25,0,14
03/02/23,age,56.0,1154,1154,0,21,0,8
03/02/23,age,57.0,1247,1247,0,41,0,17
03/02/23,age,58.0,829,829,0,10,0,3
03/02/23,age,59.0,847,847,100,26,43,11
03/02/23,age,60.0,584,584,0,19,0,7
03/02/23,age,61.0,633,633,0,23,0,8
03/02/23,age,62.0,554,554,0,7,0,2
03/02/23,age,63.0,417,417,0,9,0,2
03/02/23,age,64.0,319,319,0,12,0,4
03/02/23,age,65.0,159,159,0,0,0,0
03/02/23,age,66.0,269,269,91,11,48,4
03/02/23,age,67.0,198,198,0,7,0,2
03/02/23,age,68.0,226,226,0,3,0,2
03/02/23,age,69.0,163,163,0,0,0,0
03/02/23,age,70.0,231,231,0,0,0,0
03/02/23,age,71.0,29,29,0,0,0,0
03/02/23,age,72.0,103,103,0,0,0,0
03/02/23,age,73.0,0,0,0,14,0,4
03/02/23,age,74.0,11,11,0,0,0,0
03/02/23,age,75.0,25,25,0,0,0,0
03/02/23,age,76.0,70,70,0,0,0,0
03/02/23,age,80.0,14,14,0,0,0,0
03/02/23,age,82.0,49,49,0,0,0,0
03/02/23,age,84.0,99,99,0,0,0,0
03/02/23,gender,female,270875,270875,5660,5938,4772,4799
03/02/23,gender,male,330068,330068,7239,6961,5701,5674
03/02/23,os,Android,389040,389040,7992,8346,6558,6751
03/02/23,os,iOS,211903,211903,4907,4553,3915,3722
03/02/23,age,14.0,7464,7464,47,190,45,83
03/02/23,age,15.0,20638,20638,393,417,258,328
03/02/23,age,16.0,22369,22369,495,520,392,477
03/02/23,age,17.0,27736,27736,465,650,427,608
03/02/23,age,18.0,34279,34279,1350,764,851,734
03/02/23,age,19.0,37497,37497,837,779,717,759
03/02/23,age,20.0,39039,39039,1265,754,855,725
03/02/23,age,21.0,35733,35733,1343,868,1094,850
03/02/23,age,22.0,34212,34212,976,766,801,747
03/02/23,age,23.0,29596,29596,668,589,635,569
03/02/23,age,24.0,26222,26222,530,473,518,467
03/02/23,age,25.0,21508,21508,630,506,572,492
03/02/23,age,26.0,18515,18515,360,400,351,389
03/02/23,age,27.0,17112,17112,406,412,393,393
03/02/23,age,28.0,15481,15481,521,387,456,375
03/02/23,age,29.0,14345,14345,372,343,359,332
03/02/23,age,30.0,14917,14917,396,322,323,308
03/02/23,age,31.0,14110,14110,284,329,249,313
03/02/23,age,32.0,12765,12765,257,284,239,227
03/02/23,age,33.0,12687,12687,174,142,125,80
03/02/23,age,34.0,12026,12026,146,210,127,98
03/02/23,age,35.0,11920,11920,156,278,141,112
03/02/23,age,36.0,11405,11405,132,304,114,116
03/02/23,age,37.0,9488,9488,249,204,143,79
03/02/23,age,38.0,9683,9683,50,198,40,71
03/02/23,age,39.0,8782,8782,97,165,63,77
03/02/23,age,40.0,7905,7905,33,207,28,71
03/02/23,age,41.0,7216,7216,19,156,18,58
03/02/23,age,42.0,7138,7138,15,121,14,44
03/02/23,age,43.0,7274,7274,3,158,3,61
03/02/23,age,44.0,6492,6492,7,93,3,42
03/02/23,age,45.0,5529,5529,11,137,7,51
03/02/23,age,46.0,5364,5364,13,103,13,60
03/02/23,age,47.0,4294,4294,2,94,2,44
03/02/23,age,48.0,3437,3437,0,74,0,24
03/02/23,age,49.0,3766,3766,2,36,2,16
03/02/23,age,50.0,3560,3560,0,77,0,31
03/02/23,age,51.0,3110,3110,2,51,2,25
03/02/23,age,52.0,2689,2689,0,28,0,12
03/02/23,age,53.0,1995,1995,2,42,2,24
03/02/23,age,54.0,2055,2055,0,40,0,13
03/02/23,age,55.0,1360,1360,0,25,0,14
03/02/23,age,56.0,1154,1154,0,21,0,8
03/02/23,age,57.0,1247,1247,0,41,0,17
03/02/23,age,58.0,829,829,0,10,0,3
03/02/23,age,59.0,847,847,100,26,43,11
03/02/23,age,60.0,584,584,0,19,0,7
03/02/23,age,61.0,633,633,0,23,0,8
03/02/23,age,62.0,554,554,0,7,0,2
03/02/23,age,63.0,417,417,0,9,0,2
03/02/23,age,64.0,319,319,0,12,0,4
03/02/23,age,65.0,159,159,0,0,0,0
03/02/23,age,66.0,269,269,91,11,48,4
03/02/23,age,67.0,198,198,0,7,0,2
03/02/23,age,68.0,226,226,0,3,0,2
03/02/23,age,69.0,163,163,0,0,0,0
03/02/23,age,70.0,231,231,0,0,0,0
03/02/23,age,71.0,29,29,0,0,0,0
03/02/23,age,72.0,103,103,0,0,0,0
03/02/23,age,73.0,0,0,0,14,0,4
03/02/23,age,74.0,11,11,0,0,0,0
03/02/23,age,75.0,25,25,0,0,0,0
03/02/23,age,76.0,70,70,0,0,0,0
03/02/23,age,80.0,14,14,0,0,0,0
03/02/23,age,82.0,49,49,0,0,0,0
03/02/23,age,84.0,99,99,0,0,0,0
04/02/23,gender,female,320780,320780,5111,5706,4317,4496
04/02/23,gender,male,386296,386296,7789,7194,5656,5477
04/02/23,os,Android,457127,457127,8278,8535,6539,6684
04/02/23,os,iOS,249949,249949,4622,4365,3434,3289
04/02/23,age,14.0,10325,10325,242,173,104,88
04/02/23,age,15.0,22581,22581,494,496,290,392
04/02/23,age,16.0,27434,27434,682,613,471,554
04/02/23,age,17.0,34737,34737,839,624,607,582
04/02/23,age,18.0,38907,38907,784,775,611,740
04/02/23,age,19.0,41302,41302,655,811,635,789
04/02/23,age,20.0,45104,45104,964,929,918,899
04/02/23,age,21.0,39816,39816,949,854,887,812
04/02/23,age,22.0,40414,40414,800,726,769,708
04/02/23,age,23.0,35511,35511,949,569,659,553
04/02/23,age,24.0,30098,30098,615,392,508,371
04/02/23,age,25.0,23865,23865,524,492,507,478
04/02/23,age,26.0,23232,23232,644,437,525,415
04/02/23,age,27.0,19482,19482,840,368,489,350
04/02/23,age,28.0,18609,18609,337,305,318,290
04/02/23,age,29.0,16954,16954,290,289,271,268
04/02/23,age,30.0,16987,16987,250,371,234,338
04/02/23,age,31.0,15966,15966,236,326,208,272
04/02/23,age,32.0,14854,14854,136,250,132,117
04/02/23,age,33.0,14880,14880,197,275,141,78
04/02/23,age,34.0,14442,14442,432,189,169,59
04/02/23,age,35.0,13863,13863,127,286,111,79
04/02/23,age,36.0,13577,13577,72,263,67,75
04/02/23,age,37.0,11069,11069,52,179,47,56
04/02/23,age,38.0,10717,10717,19,163,16,48
04/02/23,age,39.0,11000,11000,22,155,22,51
04/02/23,age,40.0,9786,9786,11,118,10,36
04/02/23,age,41.0,9824,9824,4,129,4,37
04/02/23,age,42.0,9006,9006,0,113,0,39
04/02/23,age,43.0,7757,7757,2,143,1,42
04/02/23,age,44.0,7942,7942,176,127,61,35
04/02/23,age,45.0,7527,7527,5,109,3,34
04/02/23,age,46.0,6455,6455,213,147,75,81
04/02/23,age,47.0,5653,5653,0,97,0,28
04/02/23,age,48.0,4477,4477,0,76,0,25
04/02/23,age,49.0,4306,4306,290,45,64,13
04/02/23,age,50.0,4226,4226,4,59,3,20
04/02/23,age,51.0,3549,3549,0,46,0,12
04/02/23,age,52.0,3013,3013,11,18,7,7
04/02/23,age,53.0,3274,3274,5,113,3,26
04/02/23,age,54.0,2290,2290,0,30,0,10
04/02/23,age,55.0,1790,1790,13,21,12,7
04/02/23,age,56.0,1704,1704,0,20,0,7
04/02/23,age,57.0,1044,1044,15,18,14,5
04/02/23,age,58.0,1406,1406,0,9,0,3
04/02/23,age,59.0,1230,1230,0,26,0,8
04/02/23,age,60.0,692,692,0,66,0,20
04/02/23,age,61.0,588,588,0,6,0,2
04/02/23,age,62.0,774,774,0,8,0,3
04/02/23,age,63.0,355,355,0,0,0,0
04/02/23,age,64.0,459,459,0,20,0,4
04/02/23,age,65.0,645,645,0,11,0,2
04/02/23,age,66.0,261,261,0,1,0,1
04/02/23,age,67.0,392,392,0,0,0,0
04/02/23,age,68.0,203,203,0,0,0,0
04/02/23,age,69.0,253,253,0,0,0,0
04/02/23,age,70.0,107,107,0,0,0,0
04/02/23,age,71.0,64,64,0,0,0,0
04/02/23,age,72.0,98,98,0,0,0,0
04/02/23,age,73.0,59,59,0,9,0,2
04/02/23,age,75.0,29,29,0,5,0,2
04/02/23,age,76.0,13,13,0,0,0,0
04/02/23,age,78.0,55,55,0,0,0,0
04/02/23,age,79.0,20,20,0,0,0,0
04/02/23,age,81.0,24,24,0,0,0,0
05/02/23,gender,female,370000,370000,6300,5828,4403,4339
05/02/23,gender,male,459554,459554,6600,7072,5040,5104
05/02/23,os,Android,536894,536894,8242,8409,6172,6035
05/02/23,os,iOS,292660,292660,4658,4491,3271,3408
05/02/23,age,14.0,12121,12121,548,256,202,100
05/02/23,age,15.0,26798,26798,148,380,128,261
05/02/23,age,16.0,33514,33514,280,490,253,389
05/02/23,age,17.0,40746,40746,411,559,384,474
05/02/23,age,18.0,44671,44671,739,706,528,654
05/02/23,age,19.0,49268,49268,860,823,793,772
05/02/23,age,20.0,51347,51347,733,711,672,683
05/02/23,age,21.0,52948,52948,851,807,779,760
05/02/23,age,22.0,42912,42912,662,622,622,603
05/02/23,age,23.0,40836,40836,925,545,646,524
05/02/23,age,24.0,33324,33324,639,561,530,532
05/02/23,age,25.0,29879,29879,519,470,485,448
05/02/23,age,26.0,26870,26870,601,415,495,401
05/02/23,age,27.0,21865,21865,736,423,468,407
05/02/23,age,28.0,20286,20286,267,247,256,237
05/02/23,age,29.0,20420,20420,447,401,397,374
05/02/23,age,30.0,20800,20800,212,295,194,273
05/02/23,age,31.0,18752,18752,228,296,205,246
05/02/23,age,32.0,18409,18409,673,283,291,195
05/02/23,age,33.0,15231,15231,550,323,248,147
05/02/23,age,34.0,17953,17953,191,286,154,96
05/02/23,age,35.0,18386,18386,169,206,130,52
05/02/23,age,36.0,16112,16112,72,211,66,54
05/02/23,age,37.0,13292,13292,50,173,46,49
05/02/23,age,38.0,13955,13955,72,286,60,74
05/02/23,age,39.0,12082,12082,55,320,49,81
05/02/23,age,40.0,12222,12222,403,157,98,43
05/02/23,age,41.0,11569,11569,35,211,26,57
05/02/23,age,42.0,10186,10186,14,122,11,37
05/02/23,age,43.0,9503,9503,14,152,10,39
05/02/23,age,44.0,8281,8281,430,152,81,39
05/02/23,age,45.0,7060,7060,3,109,3,25
05/02/23,age,46.0,7217,7217,69,137,46,90
05/02/23,age,47.0,5810,5810,1,102,1,35
05/02/23,age,48.0,6584,6584,4,105,3,38
05/02/23,age,49.0,4517,4517,2,34,2,13
05/02/23,age,50.0,5844,5844,1,66,1,15
05/02/23,age,51.0,4193,4193,1,60,1,18
05/02/23,age,52.0,3574,3574,0,56,0,17
05/02/23,age,53.0,2386,2386,4,86,3,19
05/02/23,age,54.0,2534,2534,0,66,0,19
05/02/23,age,55.0,2872,2872,0,36,0,6
05/02/23,age,56.0,1715,1715,0,27,0,6
05/02/23,age,57.0,1533,1533,0,15,0,7
05/02/23,age,58.0,1401,1401,0,4,0,2
05/02/23,age,59.0,1195,1195,0,7,0,3
05/02/23,age,60.0,1088,1088,281,23,76,6
05/02/23,age,61.0,749,749,0,15,0,4
05/02/23,age,62.0,1209,1209,0,22,0,6
05/02/23,age,63.0,646,646,0,0,0,0
05/02/23,age,64.0,525,525,0,15,0,4
05/02/23,age,65.0,578,578,0,0,0,0
05/02/23,age,66.0,290,290,0,6,0,3
05/02/23,age,67.0,211,211,0,0,0,0
05/02/23,age,68.0,190,190,0,14,0,4
05/02/23,age,69.0,249,249,0,0,0,0
05/02/23,age,70.0,259,259,0,0,0,0
05/02/23,age,71.0,191,191,0,0,0,0
05/02/23,age,72.0,131,131,0,0,0,0
05/02/23,age,73.0,86,86,0,6,0,2
05/02/23,age,74.0,9,9,0,0,0,0
05/02/23,age,76.0,40,40,0,0,0,0
05/02/23,age,77.0,83,83,0,0,0,0
05/02/23,age,79.0,47,47,0,0,0,0
06/02/23,gender,female,364980,364980,6218,5983,4841,4746
06/02/23,gender,male,443297,443297,6682,6917,5465,5560
06/02/23,os,Android,521414,521414,8495,8403,6731,6783
06/02/23,os,iOS,286863,286863,4405,4497,3575,3523
06/02/23,age,14.0,11263,11263,116,252,108,133
06/02/23,age,15.0,26223,26223,188,457,173,341
06/02/23,age,16.0,30604,30604,377,504,336,449
06/02/23,age,17.0,38597,38597,568,704,474,664
06/02/23,age,18.0,46643,46643,825,657,641,631
06/02/23,age,19.0,52361,52361,1252,868,896,837
06/02/23,age,20.0,46857,46857,691,737,637,706
06/02/23,age,21.0,49098,49098,945,705,854,684
06/02/23,age,22.0,43947,43947,888,664,748,647
06/02/23,age,23.0,41633,41633,725,604,678,578
06/02/23,age,24.0,32709,32709,542,498,517,487
06/02/23,age,25.0,28073,28073,1285,616,850,597
06/02/23,age,26.0,27617,27617,553,356,482,345
06/02/23,age,27.0,20374,20374,606,348,437,339
06/02/23,age,28.0,21734,21734,329,297,302,286
06/02/23,age,29.0,20621,20621,491,332,348,319
06/02/23,age,30.0,19681,19681,309,360,295,340
06/02/23,age,31.0,17886,17886,253,283,221,232
06/02/23,age,32.0,16718,16718,272,356,253,274
06/02/23,age,33.0,16318,16318,193,243,166,176
06/02/23,age,34.0,16715,16715,177,238,161,129
06/02/23,age,35.0,16599,16599,266,285,172,109
06/02/23,age,36.0,14962,14962,157,185,108,73
06/02/23,age,37.0,14058,14058,94,201,76,73
06/02/23,age,38.0,12938,12938,65,226,51,79
06/02/23,age,39.0,11874,11874,40,191,32,74
06/02/23,age,40.0,12007,12007,36,203,30,75
06/02/23,age,41.0,10414,10414,24,179,21,69
06/02/23,age,42.0,9959,9959,17,133,16,49
06/02/23,age,43.0,9234,9234,5,128,5,54
06/02/23,age,44.0,7841,7841,6,105,6,49
06/02/23,age,45.0,8032,8032,117,86,50,36
06/02/23,age,46.0,6878,6878,330,126,71,70
06/02/23,age,47.0,6537,6537,59,96,41,43
06/02/23,age,48.0,5596,5596,0,77,0,33
06/02/23,age,49.0,4960,4960,5,81,1,28
06/02/23,age,50.0,4328,4328,90,89,45,41
06/02/23,age,51.0,3978,3978,0,90,0,29
06/02/23,age,52.0,3531,3531,0,59,0,17
06/02/23,age,53.0,2604,2604,1,57,1,21
06/02/23,age,54.0,2451,2451,0,50,0,19
06/02/23,age,55.0,2185,2185,3,35,3,16
06/02/23,age,56.0,2042,2042,0,24,0,10
06/02/23,age,57.0,1783,1783,0,29,0,10
06/02/23,age,58.0,1290,1290,0,2,0,2
06/02/23,age,59.0,1109,1109,0,13,0,4
06/02/23,age,60.0,1432,1432,0,10,0,4
06/02/23,age,61.0,529,529,0,7,0,5
06/02/23,age,62.0,517,517,0,3,0,2
06/02/23,age,63.0,561,561,0,0,0,0
06/02/23,age,64.0,306,306,0,6,0,2
06/02/23,age,65.0,248,248,0,8,0,3
06/02/23,age,66.0,395,395,0,12,0,3
06/02/23,age,67.0,276,276,0,9,0,3
06/02/23,age,68.0,213,213,0,0,0,0
06/02/23,age,69.0,62,62,0,2,0,1
06/02/23,age,70.0,248,248,0,3,0,2
06/02/23,age,71.0,73,73,0,0,0,0
06/02/23,age,72.0,196,196,0,11,0,4
06/02/23,age,73.0,67,67,0,0,0,0
06/02/23,age,74.0,91,91,0,0,0,0
06/02/23,age,75.0,16,16,0,0,0,0
06/02/23,age,76.0,20,20,0,0,0,0
06/02/23,age,77.0,90,90,0,0,0,0
06/02/23,age,79.0,41,41,0,0,0,0
06/02/23,age,82.0,34,34,0,0,0,0
07/02/23,gender,female,362438,362438,15083,14566,11124,10927
07/02/23,gender,male,442058,442058,17176,17693,13119,13316
07/02/23,os,Android,522365,522365,22284,20503,16202,15385
07/02/23,os,iOS,282131,282131,9975,11756,8041,8858
07/02/23,age,14.0,9981,9981,180,558,177,137
07/02/23,age,15.0,26807,26807,457,872,388,494
07/02/23,age,16.0,29349,29349,664,1205,583,1021
07/02/23,age,17.0,38582,38582,1876,1510,1225,1398
07/02/23,age,18.0,45718,45718,1150,1535,1055,1463
07/02/23,age,19.0,49055,49055,2168,1990,1740,1898
07/02/23,age,20.0,52597,52597,2587,1935,2014,1862
07/02/23,age,21.0,49987,49987,2689,2102,2253,2036
07/02/23,age,22.0,46563,46563,2855,1979,2103,1898
07/02/23,age,23.0,41311,41311,2181,1861,1972,1802
07/02/23,age,24.0,33712,33712,1425,1258,1362,1213
07/02/23,age,25.0,29404,29404,2407,1286,1531,1251
07/02/23,age,26.0,22674,22674,1336,993,1158,961
07/02/23,age,27.0,22297,22297,1033,986,988,943
07/02/23,age,28.0,20606,20606,1043,711,739,678
07/02/23,age,29.0,19736,19736,1487,775,829,729
07/02/23,age,30.0,20168,20168,924,761,707,698
07/02/23,age,31.0,19837,19837,942,721,663,653
07/02/23,age,32.0,16621,16621,562,808,478,581
07/02/23,age,33.0,17214,17214,375,627,341,269
07/02/23,age,34.0,16720,16720,694,576,346,185
07/02/23,age,35.0,16787,16787,652,716,415,200
07/02/23,age,36.0,14704,14704,316,633,270,180
07/02/23,age,37.0,13628,13628,170,580,137,162
07/02/23,age,38.0,11830,11830,799,671,249,179
07/02/23,age,39.0,11025,11025,382,389,146,112
07/02/23,age,40.0,10959,10959,93,416,71,114
07/02/23,age,41.0,10097,10097,69,426,57,106
07/02/23,age,42.0,9417,9417,24,378,19,101
07/02/23,age,43.0,8679,8679,422,272,106,70
07/02/23,age,44.0,9014,9014,222,422,82,109
07/02/23,age,45.0,7369,7369,8,260,4,62
07/02/23,age,46.0,6184,6184,10,292,5,180
07/02/23,age,47.0,5656,5656,13,258,8,81
07/02/23,age,48.0,4625,4625,18,228,7,58
07/02/23,age,49.0,5627,5627,0,124,0,35
07/02/23,age,50.0,4388,4388,11,148,6,49
07/02/23,age,51.0,3536,3536,3,99,2,25
07/02/23,age,52.0,3343,3343,6,101,3,29
07/02/23,age,53.0,3166,3166,0,90,0,22
07/02/23,age,54.0,2401,2401,6,135,4,42
07/02/23,age,55.0,1864,1864,0,67,0,21
07/02/23,age,56.0,1725,1725,0,118,0,30
07/02/23,age,57.0,1418,1418,0,83,0,21
07/02/23,age,58.0,1562,1562,0,22,0,6
07/02/23,age,59.0,1326,1326,0,37,0,10
07/02/23,age,60.0,711,711,0,53,0,14
07/02/23,age,61.0,825,825,0,1,0,1
07/02/23,age,62.0,823,823,0,60,0,14
07/02/23,age,63.0,425,425,0,41,0,10
07/02/23,age,64.0,185,185,0,33,0,8
07/02/23,age,65.0,489,489,0,12,0,4
07/02/23,age,66.0,323,323,0,9,0,4
07/02/23,age,67.0,602,602,0,13,0,6
07/02/23,age,68.0,137,137,0,0,0,0
07/02/23,age,69.0,198,198,0,2,0,1
07/02/23,age,70.0,150,150,0,9,0,2
07/02/23,age,71.0,148,148,0,0,0,0
07/02/23,age,72.0,12,12,0,1,0,1
07/02/23,age,73.0,60,60,0,3,0,2
07/02/23,age,74.0,15,15,0,0,0,0
07/02/23,age,76.0,26,26,0,0,0,0
07/02/23,age,78.0,0,0,0,8,0,2
07/02/23,age,79.0,41,41,0,0,0,0
07/02/23,age,82.0,14,14,0,0,0,0
07/02/23,age,87.0,43,43,0,0,0,0
08/02/23,gender,female,317039,317039,5730,5965,4693,4827
08/02/23,gender,male,393054,393054,7149,6914,5777,5643
08/02/23,os,Android,460727,460727,8499,8377,7019,6804
08/02/23,os,iOS,249366,249366,4380,4502,3451,3666
08/02/23,age,14.0,9481,9481,79,192,75,106
08/02/23,age,15.0,22462,22462,162,338,151,216
08/02/23,age,16.0,28840,28840,517,495,412,450
08/02/23,age,17.0,34002,34002,680,779,578,736
08/02/23,age,18.0,37962,37962,687,668,617,652
08/02/23,age,19.0,41974,41974,964,759,765,741
08/02/23,age,20.0,45107,45107,1112,726,755,712
08/02/23,age,21.0,43985,43985,977,956,943,931
08/02/23,age,22.0,41275,41275,1043,651,795,631
08/02/23,age,23.0,34042,34042,760,601,710,589
08/02/23,age,24.0,29156,29156,802,655,724,637
08/02/23,age,25.0,27272,27272,885,519,713,508
08/02/23,age,26.0,21697,21697,702,437,528,425
08/02/23,age,27.0,20200,20200,543,360,404,350
08/02/23,age,28.0,18271,18271,305,323,294,310
08/02/23,age,29.0,18166,18166,301,276,278,268
08/02/23,age,30.0,17726,17726,265,269,256,261
08/02/23,age,31.0,15552,15552,366,325,309,302
08/02/23,age,32.0,15245,15245,277,313,247,252
08/02/23,age,33.0,14890,14890,213,284,189,156
08/02/23,age,34.0,13452,13452,123,217,112,88
08/02/23,age,35.0,13953,13953,85,259,69,103
08/02/23,age,36.0,14102,14102,98,246,87,93
08/02/23,age,37.0,12123,12123,100,217,75,83
08/02/23,age,38.0,10366,10366,69,194,62,84
08/02/23,age,39.0,10657,10657,13,115,13,56
08/02/23,age,40.0,9513,9513,272,198,81,70
08/02/23,age,41.0,9039,9039,17,110,10,48
08/02/23,age,42.0,8851,8851,202,188,75,73
08/02/23,age,43.0,7928,7928,4,111,3,56
08/02/23,age,44.0,6940,6940,89,138,51,56
08/02/23,age,45.0,6879,6879,0,104,0,47
08/02/23,age,46.0,6206,6206,0,85,0,36
08/02/23,age,47.0,5424,5424,0,98,0,38
08/02/23,age,48.0,5236,5236,0,80,0,39
08/02/23,age,49.0,3607,3607,7,86,2,36
08/02/23,age,50.0,3994,3994,0,90,0,40
08/02/23,age,51.0,4119,4119,2,76,2,39
08/02/23,age,52.0,2995,2995,78,61,44,27
08/02/23,age,53.0,2821,2821,1,42,1,23
08/02/23,age,54.0,2623,2623,0,46,0,21
08/02/23,age,55.0,1577,1577,0,34,0,14
08/02/23,age,56.0,1574,1574,0,22,0,11
08/02/23,age,57.0,1855,1855,0,34,0,11
08/02/23,age,58.0,1322,1322,0,17,0,7
08/02/23,age,59.0,901,901,0,8,0,5
08/02/23,age,60.0,1010,1010,0,9,0,4
08/02/23,age,61.0,523,523,0,9,0,6
08/02/23,age,62.0,699,699,0,23,0,8
08/02/23,age,63.0,368,368,0,8,0,3
08/02/23,age,64.0,352,352,0,12,0,4
08/02/23,age,65.0,339,339,0,0,0,0
08/02/23,age,66.0,284,284,79,3,40,2
08/02/23,age,67.0,175,175,0,0,0,0
08/02/23,age,68.0,133,133,0,7,0,2
08/02/23,age,69.0,112,112,0,3,0,2
08/02/23,age,70.0,88,88,0,3,0,2
08/02/23,age,71.0,146,146,0,0,0,0
08/02/23,age,72.0,171,171,0,0,0,0
08/02/23,age,73.0,35,35,0,0,0,0
08/02/23,age,74.0,87,87,0,0,0,0
08/02/23,age,75.0,26,26,0,0,0,0
08/02/23,age,76.0,12,12,0,0,0,0
08/02/23,age,82.0,52,52,0,0,0,0
08/02/23,age,86.0,68,68,0,0,0,0
08/02/23,age,95.0,51,51,0,0,0,0
09/02/23,gender,female,252656,252656,5522,5543,4129,4285
09/02/23,gender,male,310920,310920,7378,7357,5826,5670
09/02/23,os,Android,367159,367159,8518,8312,6553,6467
09/02/23,os,iOS,196417,196417,4382,4588,3402,3488
09/02/23,age,14.0,8034,8034,116,228,103,66
09/02/23,age,15.0,17790,17790,502,381,275,263
09/02/23,age,16.0,22220,22220,388,616,358,530
09/02/23,age,17.0,26884,26884,473,649,440,614
09/02/23,age,18.0,31307,31307,764,602,511,583
09/02/23,age,19.0,33368,33368,654,804,619,768
09/02/23,age,20.0,35437,35437,1025,826,798,797
09/02/23,age,21.0,34964,34964,1053,782,844,769
09/02/23,age,22.0,31294,31294,676,638,659,621
09/02/23,age,23.0,28653,28653,779,692,747,677
09/02/23,age,24.0,23915,23915,616,550,591,529
09/02/23,age,25.0,21278,21278,667,435,555,424
09/02/23,age,26.0,17855,17855,320,334,309,322
09/02/23,age,27.0,16011,16011,467,252,333,247
09/02/23,age,28.0,14365,14365,577,248,286,241
09/02/23,age,29.0,13493,13493,345,382,329,368
09/02/23,age,30.0,12975,12975,556,372,385,351
09/02/23,age,31.0,12296,12296,385,416,361,372
09/02/23,age,32.0,12226,12226,308,328,277,259
09/02/23,age,33.0,12328,12328,248,264,213,133
09/02/23,age,34.0,11073,11073,185,213,156,100
09/02/23,age,35.0,12048,12048,346,253,196,83
09/02/23,age,36.0,10391,10391,78,231,72,74
09/02/23,age,37.0,10802,10802,35,148,33,47
09/02/23,age,38.0,8800,8800,250,253,114,76
09/02/23,age,39.0,8218,8218,33,233,29,63
09/02/23,age,40.0,7582,7582,384,243,128,76
09/02/23,age,41.0,6887,6887,24,153,21,54
09/02/23,age,42.0,6674,6674,15,161,14,48
09/02/23,age,43.0,4853,4853,282,158,73,45
09/02/23,age,44.0,5620,5620,3,184,3,56
09/02/23,age,45.0,5178,5178,3,89,3,26
09/02/23,age,46.0,4566,4566,115,99,52,66
09/02/23,age,47.0,4299,4299,0,48,0,18
09/02/23,age,48.0,3600,3600,0,101,0,36
09/02/23,age,49.0,3433,3433,1,87,1,22
09/02/23,age,50.0,3430,3430,0,88,0,26
09/02/23,age,51.0,3154,3154,5,79,5,20
09/02/23,age,52.0,2085,2085,0,53,0,18
09/02/23,age,53.0,2307,2307,0,48,0,12
09/02/23,age,54.0,1574,1574,0,24,0,8
09/02/23,age,55.0,1546,1546,0,16,0,7
09/02/23,age,56.0,1547,1547,0,31,0,6
09/02/23,age,57.0,1202,1202,0,35,0,12
09/02/23,age,58.0,647,647,0,2,0,2
09/02/23,age,59.0,1151,1151,0,14,0,2
09/02/23,age,60.0,589,589,0,5,0,2
09/02/23,age,61.0,435,435,0,4,0,2
09/02/23,age,62.0,720,720,0,14,0,4
09/02/23,age,63.0,730,730,0,0,0,0
09/02/23,age,64.0,297,297,0,0,0,0
09/02/23,age,65.0,422,422,222,7,62,2
09/02/23,age,66.0,212,212,0,17,0,4
09/02/23,age,67.0,108,108,0,0,0,0
09/02/23,age,68.0,162,162,0,3,0,2
09/02/23,age,69.0,86,86,0,0,0,0
09/02/23,age,70.0,101,101,0,0,0,0
09/02/23,age,71.0,65,65,0,0,0,0
09/02/23,age,72.0,123,123,0,0,0,0
09/02/23,age,73.0,40,40,0,0,0,0
09/02/23,age,75.0,24,24,0,0,0,0
09/02/23,age,76.0,37,37,0,7,0,2
09/02/23,age,79.0,31,31,0,0,0,0
09/02/23,age,80.0,26,26,0,0,0,0
09/02/23,age,92.0,8,8,0,0,0,0
10/02/23,gender,female,258300,258300,6010,5857,4381,4411
10/02/23,gender,male,312897,312897,6891,7044,5138,5108
10/02/23,os,Android,372903,372903,8104,7913,5922,5841
10/02/23,os,iOS,198294,198294,4797,4988,3597,3678
10/02/23,age,14.0,8631,8631,77,291,77,94
10/02/23,age,15.0,16566,16566,243,440,221,238
10/02/23,age,16.0,21628,21628,292,534,250,421
10/02/23,age,17.0,28526,28526,368,560,354,491
10/02/23,age,18.0,32849,32849,733,699,573,647
10/02/23,age,19.0,35183,35183,724,651,632,625
10/02/23,age,20.0,36718,36718,594,710,562,685
10/02/23,age,21.0,35644,35644,1205,844,973,812
10/02/23,age,22.0,33314,33314,958,675,632,653
10/02/23,age,23.0,28018,28018,624,692,591,659
10/02/23,age,24.0,23420,23420,486,403,468,390
10/02/23,age,25.0,20627,20627,596,513,567,498
10/02/23,age,26.0,16497,16497,474,450,422,434
10/02/23,age,27.0,15130,15130,659,309,384,297
10/02/23,age,28.0,15378,15378,393,399,370,380
10/02/23,age,29.0,14834,14834,733,384,445,352
10/02/23,age,30.0,13952,13952,241,336,222,304
10/02/23,age,31.0,14095,14095,307,338,248,296
10/02/23,age,32.0,11739,11739,242,308,220,180
10/02/23,age,33.0,11113,11113,457,204,227,76
10/02/23,age,34.0,10696,10696,193,335,174,82
10/02/23,age,35.0,11407,11407,73,213,67,65
10/02/23,age,36.0,11091,11091,75,184,67,56
10/02/23,age,37.0,9645,9645,195,207,115,57
10/02/23,age,38.0,8930,8930,754,177,235,49
10/02/23,age,39.0,8948,8948,11,158,11,58
10/02/23,age,40.0,7844,7844,25,226,24,63
10/02/23,age,41.0,7600,7600,42,178,26,54
10/02/23,age,42.0,6414,6414,22,198,15,63
10/02/23,age,43.0,6949,6949,8,80,6,25
10/02/23,age,44.0,6407,6407,7,164,7,47
10/02/23,age,45.0,4959,4959,8,103,8,30
10/02/23,age,46.0,4698,4698,265,148,116,102
10/02/23,age,47.0,4334,4334,9,72,8,26
10/02/23,age,48.0,4092,4092,320,88,79,30
10/02/23,age,49.0,2854,2854,6,118,3,36
10/02/23,age,50.0,3333,3333,1,77,1,24
10/02/23,age,51.0,2635,2635,2,62,2,16
10/02/23,age,52.0,1944,1944,0,75,0,22
10/02/23,age,53.0,1692,1692,0,33,0,10
10/02/23,age,54.0,1648,1648,0,58,0,13
10/02/23,age,55.0,1372,1372,1,30,1,11
10/02/23,age,56.0,1139,1139,0,63,0,16
10/02/23,age,57.0,1069,1069,477,42,115,9
10/02/23,age,58.0,1096,1096,0,12,0,2
10/02/23,age,59.0,749,749,1,20,1,6
10/02/23,age,60.0,593,593,0,0,0,0
10/02/23,age,61.0,408,408,0,19,0,4
10/02/23,age,62.0,584,584,0,0,0,0
10/02/23,age,63.0,430,430,0,6,0,6
10/02/23,age,64.0,278,278,0,0,0,0
10/02/23,age,65.0,211,211,0,4,0,2
10/02/23,age,66.0,251,251,0,0,0,0
10/02/23,age,67.0,233,233,0,0,0,0
10/02/23,age,68.0,200,200,0,0,0,0
10/02/23,age,69.0,31,31,0,8,0,2
10/02/23,age,70.0,132,132,0,0,0,0
10/02/23,age,71.0,148,148,0,0,0,0
10/02/23,age,72.0,107,107,0,0,0,0
10/02/23,age,73.0,4,4,0,0,0,0
10/02/23,age,74.0,79,79,0,0,0,0
10/02/23,age,76.0,33,33,0,3,0,1
10/02/23,age,78.0,9,9,0,0,0,0
10/02/23,age,79.0,17,17,0,0,0,0
10/02/23,age,80.0,17,17,0,0,0,0
10/02/23,age,84.0,25,25,0,0,0,0
11/02/23,gender,female,350948,350948,5807,5790,4597,4677
11/02/23,gender,male,437461,437461,7092,7109,5848,5768
11/02/23,os,Android,512339,512339,8327,8361,6727,6772
11/02/23,os,iOS,276070,276070,4572,4538,3718,3673
11/02/23,age,14.0,11369,11369,165,194,96,95
11/02/23,age,15.0,26037,26037,228,414,191,287
11/02/23,age,16.0,31497,31497,581,527,380,474
11/02/23,age,17.0,39205,39205,570,637,526,605
11/02/23,age,18.0,43638,43638,903,694,721,672
11/02/23,age,19.0,47174,47174,1164,880,890,858
11/02/23,age,20.0,47691,47691,978,988,910,964
11/02/23,age,21.0,47880,47880,1316,846,1066,825
11/02/23,age,22.0,40098,40098,729,613,701,605
11/02/23,age,23.0,38744,38744,562,628,551,619
11/02/23,age,24.0,30421,30421,1020,531,690,518
11/02/23,age,25.0,27573,27573,755,464,642,452
11/02/23,age,26.0,24245,24245,406,370,397,363
11/02/23,age,27.0,25484,25484,378,359,347,348
11/02/23,age,28.0,22108,22108,339,297,327,291
11/02/23,age,29.0,20418,20418,445,294,313,284
11/02/23,age,30.0,19320,19320,268,342,252,319
11/02/23,age,31.0,18886,18886,217,258,207,243
11/02/23,age,32.0,16002,16002,319,257,234,192
11/02/23,age,33.0,16422,16422,342,238,218,120
11/02/23,age,34.0,17859,17859,181,327,156,119
11/02/23,age,35.0,14769,14769,65,152,63,68
11/02/23,age,36.0,14829,14829,68,196,61,78
11/02/23,age,37.0,12473,12473,62,223,50,90
11/02/23,age,38.0,14467,14467,48,269,45,110
11/02/23,age,39.0,12904,12904,23,177,21,80
11/02/23,age,40.0,11080,11080,405,173,175,79
11/02/23,age,41.0,9909,9909,16,162,16,69
11/02/23,age,42.0,10596,10596,87,188,50,79
11/02/23,age,43.0,7000,7000,18,149,6,51
11/02/23,age,44.0,7378,7378,6,124,6,56
11/02/23,age,45.0,6304,6304,9,137,9,67
11/02/23,age,46.0,5858,5858,9,145,7,91
11/02/23,age,47.0,6468,6468,2,85,2,33
11/02/23,age,48.0,5413,5413,5,71,2,32
11/02/23,age,49.0,5666,5666,0,74,0,31
11/02/23,age,50.0,4034,4034,1,88,1,40
11/02/23,age,51.0,3897,3897,3,30,2,12
11/02/23,age,52.0,3461,3461,0,30,0,15
11/02/23,age,53.0,3094,3094,0,14,0,5
11/02/23,age,54.0,2280,2280,0,50,0,19
11/02/23,age,55.0,1934,1934,0,38,0,14
11/02/23,age,56.0,1536,1536,1,13,1,7
11/02/23,age,57.0,2008,2008,0,45,0,17
11/02/23,age,58.0,1471,1471,0,17,0,11
11/02/23,age,59.0,1377,1377,0,32,0,11
11/02/23,age,60.0,1070,1070,0,11,0,4
11/02/23,age,61.0,915,915,0,15,0,6
11/02/23,age,62.0,661,661,0,1,0,1
11/02/23,age,63.0,425,425,0,3,0,2
11/02/23,age,64.0,443,443,0,6,0,4
11/02/23,age,65.0,931,931,0,0,0,0
11/02/23,age,66.0,135,135,112,11,61,5
11/02/23,age,67.0,252,252,0,0,0,0
11/02/23,age,68.0,99,99,93,8,52,4
11/02/23,age,69.0,308,308,0,0,0,0
11/02/23,age,70.0,153,153,0,0,0,0
11/02/23,age,71.0,62,62,0,0,0,0
11/02/23,age,72.0,321,321,0,0,0,0
11/02/23,age,73.0,33,33,0,0,0,0
11/02/23,age,74.0,121,121,0,0,0,0
11/02/23,age,76.0,62,62,0,0,0,0
11/02/23,age,77.0,100,100,0,0,0,0
11/02/23,age,78.0,0,0,0,4,0,1
11/02/23,age,82.0,10,10,0,0,0,0
11/02/23,age,84.0,31,31,0,0,0,0
12/02/23,gender,female,406277,406277,5751,5728,4504,4570
12/02/23,gender,male,494174,494174,7149,7172,5726,5660
12/02/23,os,Android,592892,592892,7547,8164,6259,6470
12/02/23,os,iOS,307559,307559,5353,4736,3971,3760
12/02/23,age,14.0,14365,14365,59,210,57,127
12/02/23,age,15.0,29513,29513,277,470,229,372
12/02/23,age,16.0,33692,33692,321,565,296,511
12/02/23,age,17.0,46238,46238,499,670,467,642
12/02/23,age,18.0,50197,50197,511,621,491,594
12/02/23,age,19.0,51565,51565,1222,875,969,856
12/02/23,age,20.0,57906,57906,792,854,762,838
12/02/23,age,21.0,59094,59094,1303,851,1034,834
12/02/23,age,22.0,50453,50453,746,670,723,654
12/02/23,age,23.0,42412,42412,1270,728,877,713
12/02/23,age,24.0,39267,39267,837,531,616,514
12/02/23,age,25.0,31109,31109,563,438,480,424
12/02/23,age,26.0,27199,27199,481,304,384,298
12/02/23,age,27.0,27168,27168,609,340,391,332
12/02/23,age,28.0,23348,23348,505,330,373,314
12/02/23,age,29.0,21420,21420,283,318,263,303
12/02/23,age,30.0,22171,22171,352,372,335,348
12/02/23,age,31.0,18463,18463,295,325,261,274
12/02/23,age,32.0,18544,18544,348,318,275,255
12/02/23,age,33.0,18838,18838,193,306,173,135
12/02/23,age,34.0,17435,17435,84,228,83,72
12/02/23,age,35.0,17223,17223,592,230,246,70
12/02/23,age,36.0,18249,18249,97,245,89,67
12/02/23,age,37.0,15901,15901,70,178,61,57
12/02/23,age,38.0,13774,13774,260,245,131,77
12/02/23,age,39.0,12918,12918,33,138,32,45
12/02/23,age,40.0,13410,13410,245,177,91,56
12/02/23,age,41.0,11412,11412,17,161,17,58
12/02/23,age,42.0,10413,10413,5,131,5,37
12/02/23,age,43.0,9461,9461,9,147,7,48
12/02/23,age,44.0,10427,10427,8,96,5,33
12/02/23,age,45.0,8244,8244,7,121,2,37
12/02/23,age,46.0,7409,7409,3,99,2,45
12/02/23,age,47.0,6502,6502,3,50,2,17
12/02/23,age,48.0,5573,5573,0,77,0,19
12/02/23,age,49.0,5728,5728,0,51,0,17
12/02/23,age,50.0,5081,5081,1,85,1,26
12/02/23,age,51.0,4480,4480,0,34,0,12
12/02/23,age,52.0,3848,3848,0,23,0,10
12/02/23,age,53.0,2440,2440,0,23,0,6
12/02/23,age,54.0,3570,3570,0,27,0,10
12/02/23,age,55.0,2053,2053,0,57,0,18
12/02/23,age,56.0,1562,1562,0,12,0,2
12/02/23,age,57.0,1856,1856,0,36,0,11
12/02/23,age,58.0,1085,1085,0,42,0,10
12/02/23,age,59.0,1309,1309,0,11,0,4
12/02/23,age,60.0,613,613,0,7,0,2
12/02/23,age,61.0,777,777,0,17,0,6
12/02/23,age,62.0,1132,1132,0,6,0,2
12/02/23,age,63.0,832,832,0,8,0,3
12/02/23,age,64.0,527,527,0,12,0,4
12/02/23,age,65.0,502,502,0,0,0,0
12/02/23,age,66.0,383,383,0,12,0,4
12/02/23,age,67.0,206,206,0,4,0,2
12/02/23,age,68.0,442,442,0,0,0,0
12/02/23,age,69.0,48,48,0,0,0,0
12/02/23,age,70.0,106,106,0,0,0,0
12/02/23,age,71.0,68,68,0,0,0,0
12/02/23,age,72.0,81,81,0,0,0,0
12/02/23,age,73.0,77,77,0,0,0,0
12/02/23,age,74.0,28,28,0,0,0,0
12/02/23,age,75.0,0,0,0,6,0,2
12/02/23,age,76.0,101,101,0,5,0,2
12/02/23,age,78.0,0,0,0,3,0,1
12/02/23,age,79.0,2,2,0,0,0,0
12/02/23,age,81.0,65,65,0,0,0,0
12/02/23,age,82.0,17,17,0,0,0,0
12/02/23,age,84.0,66,66,0,0,0,0
12/02/23,age,87.0,53,53,0,0,0,0
13/02/23,gender,female,382373,382373,5075,5805,4351,4521
13/02/23,gender,male,484808,484808,7816,7086,5526,5356
13/02/23,os,Android,561147,561147,7223,8285,6092,6323
13/02/23,os,iOS,306034,306034,5668,4606,3785,3554
13/02/23,age,14.0,13005,13005,71,273,66,109
13/02/23,age,15.0,28031,28031,543,436,304,298
13/02/23,age,16.0,34498,34498,328,509,289,461
13/02/23,age,17.0,40026,40026,509,692,484,665
13/02/23,age,18.0,49615,49615,611,528,509,498
13/02/23,age,19.0,48565,48565,835,912,791,883
13/02/23,age,20.0,55231,55231,771,824,729,802
13/02/23,age,21.0,53012,53012,736,730,706,710
13/02/23,age,22.0,47219,47219,1075,899,988,866
13/02/23,age,23.0,42400,42400,639,576,620,560
13/02/23,age,24.0,36444,36444,811,464,598,452
13/02/23,age,25.0,31949,31949,603,533,571,515
13/02/23,age,26.0,28378,28378,1366,392,644,380
13/02/23,age,27.0,24645,24645,350,355,330,344
13/02/23,age,28.0,22931,22931,542,309,301,295
13/02/23,age,29.0,21441,21441,306,297,286,280
13/02/23,age,30.0,20872,20872,214,262,194,250
13/02/23,age,31.0,20798,20798,195,258,184,235
13/02/23,age,32.0,18866,18866,687,303,365,245
13/02/23,age,33.0,17473,17473,222,256,192,113
13/02/23,age,34.0,18061,18061,164,224,107,62
13/02/23,age,35.0,17204,17204,101,298,94,71
13/02/23,age,36.0,16534,16534,70,254,65,75
13/02/23,age,37.0,14502,14502,77,250,67,69
13/02/23,age,38.0,13677,13677,195,238,102,72
13/02/23,age,39.0,13417,13417,20,199,19,64
13/02/23,age,40.0,12236,12236,19,125,17,35
13/02/23,age,41.0,12489,12489,22,143,16,40
13/02/23,age,42.0,9992,9992,7,169,6,46
13/02/23,age,43.0,8639,8639,12,159,10,46
13/02/23,age,44.0,8126,8126,17,180,10,45
13/02/23,age,45.0,7505,7505,4,106,3,31
13/02/23,age,46.0,6577,6577,2,131,1,74
13/02/23,age,47.0,6772,6772,4,66,2,21
13/02/23,age,48.0,5665,5665,411,45,77,16
13/02/23,age,49.0,5669,5669,3,113,2,30
13/02/23,age,50.0,5615,5615,0,42,0,15
13/02/23,age,51.0,3383,3383,0,23,0,8
13/02/23,age,52.0,3192,3192,0,48,0,16
13/02/23,age,53.0,3616,3616,0,22,0,8
13/02/23,age,54.0,3514,3514,223,58,66,16
13/02/23,age,55.0,2693,2693,0,38,0,11
13/02/23,age,56.0,2176,2176,0,0,0,0
13/02/23,age,57.0,2105,2105,126,32,62,7
13/02/23,age,58.0,1228,1228,0,20,0,6
13/02/23,age,59.0,1050,1050,0,36,0,9
13/02/23,age,60.0,821,821,0,0,0,0
13/02/23,age,61.0,613,613,0,11,0,4
13/02/23,age,62.0,568,568,0,8,0,2
13/02/23,age,63.0,836,836,0,8,0,2
13/02/23,age,64.0,793,793,0,7,0,2
13/02/23,age,65.0,410,410,0,12,0,4
13/02/23,age,66.0,418,418,0,2,0,2
13/02/23,age,67.0,256,256,0,7,0,3
13/02/23,age,68.0,187,187,0,0,0,0
13/02/23,age,69.0,65,65,0,0,0,0
13/02/23,age,70.0,327,327,0,0,0,0
13/02/23,age,71.0,78,78,0,0,0,0
13/02/23,age,72.0,320,320,0,0,0,0
13/02/23,age,73.0,50,50,0,0,0,0
13/02/23,age,74.0,94,94,0,0,0,0
13/02/23,age,75.0,77,77,0,0,0,0
13/02/23,age,76.0,0,0,0,3,0,2
13/02/23,age,77.0,58,58,0,0,0,0
13/02/23,age,78.0,43,43,0,6,0,2
13/02/23,age,79.0,61,61,0,0,0,0
13/02/23,age,84.0,70,70,0,0,0,0
14/02/23,gender,female,397221,397221,5320,5726,4414,4582
14/02/23,gender,male,496818,496818,7580,7174,5913,5745
14/02/23,os,Android,580187,580187,8541,8170,6634,6547
14/02/23,os,iOS,313852,313852,4359,4730,3693,3780
14/02/23,age,14.0,14571,14571,196,205,133,81
14/02/23,age,15.0,28745,28745,126,351,116,224
14/02/23,age,16.0,36958,36958,325,558,300,494
14/02/23,age,17.0,42852,42852,580,509,476,488
14/02/23,age,18.0,52216,52216,555,771,530,733
14/02/23,age,19.0,52905,52905,708,630,627,614
14/02/23,age,20.0,52682,52682,861,895,807,872
14/02/23,age,21.0,55122,55122,1027,801,902,774
14/02/23,age,22.0,51393,51393,1077,756,886,739
14/02/23,age,23.0,45427,45427,1502,727,995,710
14/02/23,age,24.0,35144,35144,793,486,642,475
14/02/23,age,25.0,30843,30843,555,386,477,375
14/02/23,age,26.0,27655,27655,455,438,442,431
14/02/23,age,27.0,24053,24053,510,359,391,347
14/02/23,age,28.0,23583,23583,463,408,449,398
14/02/23,age,29.0,23476,23476,250,217,213,209
14/02/23,age,30.0,19598,19598,248,284,237,272
14/02/23,age,31.0,19598,19598,589,281,338,265
14/02/23,age,32.0,19625,19625,277,261,233,216
14/02/23,age,33.0,19087,19087,136,268,126,137
14/02/23,age,34.0,20505,20505,343,204,222,102
14/02/23,age,35.0,18390,18390,97,229,91,92
14/02/23,age,36.0,17155,17155,134,332,110,133
14/02/23,age,37.0,14016,14016,127,255,97,105
14/02/23,age,38.0,14320,14320,296,280,134,123
14/02/23,age,39.0,13104,13104,33,106,27,51
14/02/23,age,40.0,12515,12515,35,236,28,104
14/02/23,age,41.0,10407,10407,149,180,71,72
14/02/23,age,42.0,9169,9169,25,168,20,75
14/02/23,age,43.0,10828,10828,0,137,0,55
14/02/23,age,44.0,8287,8287,2,130,2,57
14/02/23,age,45.0,9434,9434,136,175,73,78
14/02/23,age,46.0,7361,7361,2,98,2,75
14/02/23,age,47.0,5855,5855,2,128,2,58
14/02/23,age,48.0,6394,6394,166,89,65,45
14/02/23,age,49.0,5776,5776,0,67,0,30
14/02/23,age,50.0,4474,4474,0,70,0,31
14/02/23,age,51.0,3988,3988,0,43,0,19
14/02/23,age,52.0,3191,3191,2,52,1,26
14/02/23,age,53.0,3221,3221,0,26,0,14
14/02/23,age,54.0,2763,2763,0,25,0,12
14/02/23,age,55.0,3029,3029,4,44,1,19
14/02/23,age,56.0,2567,2567,1,56,1,23
14/02/23,age,57.0,1859,1859,0,32,0,13
14/02/23,age,58.0,1853,1853,112,41,59,17
14/02/23,age,59.0,1410,1410,1,44,1,21
14/02/23,age,60.0,855,855,0,9,0,4
14/02/23,age,61.0,850,850,0,11,0,4
14/02/23,age,62.0,1138,1138,0,0,0,0
14/02/23,age,63.0,896,896,0,0,0,0
14/02/23,age,64.0,426,426,0,12,0,4
14/02/23,age,65.0,582,582,0,0,0,0
14/02/23,age,66.0,219,219,0,6,0,2
14/02/23,age,67.0,545,545,0,0,0,0
14/02/23,age,68.0,76,76,0,0,0,0
14/02/23,age,69.0,237,237,0,0,0,0
14/02/23,age,70.0,494,494,0,0,0,0
14/02/23,age,72.0,0,0,0,10,0,3
14/02/23,age,73.0,62,62,0,6,0,2
14/02/23,age,75.0,0,0,0,8,0,4
14/02/23,age,76.0,181,181,0,0,0,0
14/02/23,age,79.0,11,11,0,0,0,0
14/02/23,age,84.0,44,44,0,0,0,0
14/02/23,age,95.0,19,19,0,0,0,0
15/02/23,gender,female,476150,476150,5054,5537,4056,4317
15/02/23,gender,male,578480,578480,7845,7362,5995,5734
15/02/23,os,Android,687638,687638,7770,8133,6209,6329
15/02/23,os,iOS,366992,366992,5129,4766,3842,3722
15/02/23,age,14.0,16494,16494,565,191,177,98
15/02/23,age,15.0,33300,33300,133,321,125,235
15/02/23,age,16.0,40371,40371,431,440,362,345
15/02/23,age,17.0,52309,52309,683,656,564,628
15/02/23,age,18.0,60060,60060,998,727,735,694
15/02/23,age,19.0,62087,62087,1399,735,848,716
15/02/23,age,20.0,66415,66415,848,890,821,867
15/02/23,age,21.0,63570,63570,1166,947,959,927
15/02/23,age,22.0,60153,60153,757,726,732,707
15/02/23,age,23.0,53913,53913,614,603,589,588
15/02/23,age,24.0,41409,41409,723,422,513,414
15/02/23,age,25.0,38232,38232,767,489,574,475
15/02/23,age,26.0,34648,34648,438,429,423,408
15/02/23,age,27.0,29816,29816,250,303,248,293
15/02/23,age,28.0,26120,26120,388,364,371,352
15/02/23,age,29.0,27653,27653,337,343,313,329
15/02/23,age,30.0,24477,24477,282,299,257,283
15/02/23,age,31.0,24438,24438,234,308,223,286
15/02/23,age,32.0,21966,21966,228,319,214,264
15/02/23,age,33.0,23695,23695,218,284,191,140
15/02/23,age,34.0,20479,20479,433,297,277,102
15/02/23,age,35.0,20676,20676,75,258,71,82
15/02/23,age,36.0,19910,19910,355,274,163,75
15/02/23,age,37.0,18013,18013,104,236,77,77
15/02/23,age,38.0,18098,18098,53,193,46,59
15/02/23,age,39.0,15889,15889,42,162,27,53
15/02/23,age,40.0,15927,15927,71,227,38,60
15/02/23,age,41.0,13381,13381,12,179,12,57
15/02/23,age,42.0,12006,12006,6,169,5,57
15/02/23,age,43.0,12155,12155,5,128,5,44
15/02/23,age,44.0,10795,10795,13,124,7,35
15/02/23,age,45.0,8139,8139,1,150,1,45
15/02/23,age,46.0,8686,8686,0,90,0,51
15/02/23,age,47.0,6296,6296,1,32,1,8
15/02/23,age,48.0,7352,7352,0,35,0,14
15/02/23,age,49.0,6464,6464,0,58,0,22
15/02/23,age,50.0,5639,5639,0,72,0,26
15/02/23,age,51.0,5245,5245,2,63,2,21
15/02/23,age,52.0,3881,3881,0,31,0,8
15/02/23,age,53.0,3687,3687,0,37,0,12
15/02/23,age,54.0,3211,3211,0,59,0,18
15/02/23,age,55.0,2558,2558,0,24,0,8
15/02/23,age,56.0,2245,2245,0,22,0,8
15/02/23,age,57.0,1850,1850,0,19,0,8
15/02/23,age,58.0,1879,1879,267,33,80,11
15/02/23,age,59.0,1476,1476,0,31,0,10
15/02/23,age,60.0,1455,1455,0,8,0,2
15/02/23,age,61.0,364,364,0,12,0,4
15/02/23,age,62.0,1240,1240,0,18,0,5
15/02/23,age,63.0,765,765,0,9,0,2
15/02/23,age,64.0,626,626,0,35,0,10
15/02/23,age,65.0,368,368,0,0,0,0
15/02/23,age,66.0,467,467,0,1,0,1
15/02/23,age,67.0,448,448,0,8,0,2
15/02/23,age,68.0,206,206,0,0,0,0
15/02/23,age,69.0,166,166,0,0,0,0
15/02/23,age,70.0,365,365,0,0,0,0
15/02/23,age,71.0,113,113,0,0,0,0
15/02/23,age,72.0,197,197,0,0,0,0
15/02/23,age,73.0,167,167,0,5,0,2
15/02/23,age,74.0,250,250,0,0,0,0
15/02/23,age,75.0,0,0,0,2,0,2
15/02/23,age,76.0,84,84,0,0,0,0
15/02/23,age,77.0,53,53,0,0,0,0
15/02/23,age,78.0,0,0,0,2,0,1
15/02/23,age,79.0,61,61,0,0,0,0
15/02/23,age,84.0,172,172,0,0,0,0
16/02/23,gender,female,410807,410807,5249,5529,4124,4162
16/02/23,gender,male,520659,520659,7652,7372,5633,5595
16/02/23,os,Android,606483,606483,8235,8358,6070,6201
16/02/23,os,iOS,324983,324983,4666,4543,3687,3556
16/02/23,age,14.0,12770,12770,84,210,76,82
16/02/23,age,15.0,30246,30246,490,395,242,218
16/02/23,age,16.0,38660,38660,706,546,477,485
16/02/23,age,17.0,48165,48165,295,553,283,519
16/02/23,age,18.0,51632,51632,464,677,437,652
16/02/23,age,19.0,56710,56710,846,784,717,754
16/02/23,age,20.0,57817,57817,1193,855,879,828
16/02/23,age,21.0,60193,60193,1072,717,748,694
16/02/23,age,22.0,51011,51011,916,781,868,751
16/02/23,age,23.0,44506,44506,818,639,775,613
16/02/23,age,24.0,38077,38077,528,497,504,485
16/02/23,age,25.0,35240,35240,480,416,456,402
16/02/23,age,26.0,31108,31108,658,378,467,363
16/02/23,age,27.0,24886,24886,311,317,301,303
16/02/23,age,28.0,22753,22753,325,307,311,298
16/02/23,age,29.0,23357,23357,242,278,233,272
16/02/23,age,30.0,23729,23729,343,358,308,338
